metric_id,metric_name,metric_group,business_definition,calculation_rule,numerator,denominator,required_fields,valid_record_rule,aggregation_method,display_format,direction,suppression_rule_id,important_caveat,status
discharge_count,Discharges,Volume,Number of inpatient discharge records in the selected context.,COUNT_ROWS,Number of eligible discharge rows,Not applicable,,Include all released discharge records,Count,"#,0",Context,COUNT_1_TO_10,Discharge count is not a unique-patient count.,APPROVED
facility_count,Facilities,Volume,Number of distinct nonmissing permanent facility identifiers.,DISTINCT_COUNT(Permanent Facility Id),Distinct valid facility identifiers,Not applicable,Permanent Facility Id,Permanent Facility Id is nonmissing,Distinct count,"#,0",Context,NONE,Facility identifiers may be suppressed for some records.,APPROVED
total_los_days_lower_bound,Total LOS Days — Lower Bound,Length of Stay,Total observed inpatient days after representing 120+ as 120.,SUM(LOS numeric lower bound),Sum of valid numeric LOS lower bounds,Not applicable,Length of Stay,LOS is numeric or is the recognized 120+ top-coded value,Sum,"#,0",Context; volume-dependent,DENOMINATOR_LT_11,This understates exact inpatient days because 120+ values are right-censored.,APPROVED
average_los_lower_bound,Average LOS — Lower Bound,Length of Stay,Average numeric LOS after representing 120+ as 120.,SUM(LOS numeric lower bound) / COUNT(valid LOS records),Total LOS days lower bound,Discharges with valid LOS,Length of Stay,LOS is numeric or is the recognized 120+ top-coded value,Ratio of sums,0.0,Higher values may warrant investigation,DENOMINATOR_LT_11,The result is a lower-bound mean and is sensitive to skewness.,APPROVED
median_los_lower_bound,Median LOS,Length of Stay,Median LOS after representing 120+ as its observable lower bound.,MEDIAN(LOS numeric lower bound),Not applicable,Discharges with valid LOS,Length of Stay,LOS is numeric or is the recognized 120+ top-coded value,Median,0.0,Higher values may warrant investigation,DENOMINATOR_LT_11,Median LOS is robust but does not replace total-days analysis.,APPROVED
los_interquartile_range,LOS Interquartile Range,Length of Stay,Difference between the 75th and 25th percentiles of observable LOS.,"PERCENTILE_CONT(LOS numeric lower bound, 0.75) - PERCENTILE_CONT(LOS numeric lower bound, 0.25)",Not applicable,Discharges with valid LOS,Length of Stay,LOS is numeric or is the recognized 120+ top-coded value,Interquartile range,0.0,Higher values indicate greater LOS dispersion,DENOMINATOR_LT_11,This describes the middle 50% of stays and should be interpreted alongside the median and total LOS.,APPROVED
p95_los_lower_bound,P95 LOS,Length of Stay,Ninety-fifth percentile of the observable LOS lower bound.,"PERCENTILE_CONT(LOS numeric lower bound, 0.95)",Not applicable,Discharges with valid LOS,Length of Stay,LOS is numeric or is the recognized 120+ top-coded value,Percentile,0.0,Higher values may warrant investigation,DENOMINATOR_LT_11,The percentile may be affected when top-coded cases are included.,APPROVED
top_coded_los_count,Top-Coded LOS Discharges,Length of Stay,Number of discharges whose released LOS is 120 days or more.,COUNT(Length of Stay classified as 120+),Top-coded LOS discharges,Not applicable,Length of Stay,Length of Stay matches the confirmed top-code,Count,"#,0",Context,COUNT_1_TO_10,The exact stay duration is unavailable.,APPROVED
top_coded_los_rate,Top-Coded LOS Rate,Length of Stay,Percentage of valid LOS records that are top-coded.,Top-coded LOS discharges / discharges with valid LOS,Top-coded LOS discharges,Discharges with valid LOS,Length of Stay,Use records with valid released LOS,Ratio of sums,0.0%,Context,RATE_SMALL_CELL,"This measures censoring prevalence, not clinical performance.",APPROVED
extended_stay_rate,Extended-Stay Rate,Length of Stay,Percentage of eligible discharges exceeding the approved extended-stay threshold.,Discharges exceeding approved LOS threshold / discharges with valid LOS,Discharges exceeding the approved LOS threshold,Discharges with valid LOS,Length of Stay,Valid LOS and documented extended-stay threshold,Ratio of sums,0.0%,"Lower may indicate better flow, subject to case mix",RATE_SMALL_CELL,The threshold must be documented before operational use.,PENDING_THRESHOLD
total_charges,Total Charges,Financial,Total valid billed hospital charges.,SUM(valid Total Charges),Sum of valid positive Total Charges,Not applicable,Total Charges,Total Charges is numeric and greater than zero,Sum,"$#,0",Context,DENOMINATOR_LT_11,"Charges are not reimbursement, revenue, or audited expense.",APPROVED
average_charge_per_discharge,Average Charge per Discharge,Financial,Average billed charge among discharges with valid charges.,SUM(valid Total Charges) / COUNT(valid charge records),Total valid charges,Discharges with valid positive charges,Total Charges,Total Charges is numeric and greater than zero,Ratio of sums,"$#,0",Context,DENOMINATOR_LT_11,Highly sensitive to right-skewed observations.,APPROVED
median_charge_per_discharge,Median Charge per Discharge,Financial,Median valid billed charge per discharge.,MEDIAN(valid Total Charges),Not applicable,Discharges with valid positive charges,Total Charges,Total Charges is numeric and greater than zero,Median,"$#,0",Context,DENOMINATOR_LT_11,Charges do not measure hospital profitability.,APPROVED
total_estimated_costs,Total Estimated Costs,Financial,Total released analytical cost estimate.,SUM(valid Total Costs),Sum of valid positive Total Costs,Not applicable,Total Costs,Total Costs is numeric and greater than zero,Sum,"$#,0",Context,DENOMINATOR_LT_11,Total Costs does not represent audited hospital expense.,APPROVED
average_estimated_cost_per_discharge,Average Estimated Cost per Discharge,Financial,Average estimated cost among records with valid cost values.,SUM(valid Total Costs) / COUNT(valid cost records),Total valid estimated costs,Discharges with valid positive costs,Total Costs,Total Costs is numeric and greater than zero,Ratio of sums,"$#,0",Lower is generally favorable,DENOMINATOR_LT_11,Case-mix-adjusted cost performance is not established here.,APPROVED
median_estimated_cost_per_discharge,Median Estimated Cost per Discharge,Financial,Median valid estimated cost per discharge.,MEDIAN(valid Total Costs),Not applicable,Discharges with valid positive costs,Total Costs,Total Costs is numeric and greater than zero,Median,"$#,0",Lower is generally favorable,DENOMINATOR_LT_11,This is an analytical estimate—not audited expense.,APPROVED
charge_to_cost_ratio,Charge-to-Cost Ratio,Financial,Aggregate charges divided by aggregate estimated costs.,SUM(Total Charges for paired-valid records) / SUM(Total Costs for the same paired-valid records),Total Charges among paired-valid records,Total Costs among the same paired-valid records,Total Charges|Total Costs,Both Total Charges and Total Costs are numeric and positive,Ratio of sums,0.00,Context,DENOMINATOR_LT_11,Do not calculate the mean of discharge-level charge-to-cost ratios.,APPROVED
estimated_cost_per_inpatient_day,Estimated Cost per Inpatient Day,Financial,Estimated inpatient cost divided by observable inpatient days.,SUM(valid estimated costs) / SUM(valid LOS lower-bound days),Total valid estimated costs,Total valid LOS lower-bound days,Total Costs|Length of Stay,Positive estimated cost and valid positive LOS,Ratio of sums,"$#,0",Higher values may warrant investigation,DENOMINATOR_LT_11,Top-coded LOS understates inpatient days and may therefore overstate estimated cost per day.,APPROVED
ed_origin_discharge_rate,ED-Origin Discharge Rate,Admission Context,Percentage of eligible inpatient discharges associated with the emergency department indicator.,ED-indicator discharges / discharges with known ED indicator,Discharges mapped to ED = Yes,Discharges with known ED indicator,Emergency Department Indicator,ED indicator is mapped and nonmissing,Ratio of sums,0.0%,Context,RATE_SMALL_CELL,This should not automatically be described as avoidable ED use.,APPROVED
emergency_admission_rate,Emergency Admission Rate,Admission Context,Percentage of eligible discharges classified as emergency admissions.,Emergency admissions / discharges with known admission type,Discharges mapped to Emergency,Discharges with known admission type,Type of Admission,Admission type is mapped and nonmissing,Ratio of sums,0.0%,Context,RATE_SMALL_CELL,Admission mix reflects patient population and service structure.,APPROVED
major_extreme_severity_rate,Major or Extreme Severity Rate,Case Mix,Percentage of discharges classified as major or extreme APR severity.,Major-or-extreme severity discharges / discharges with known severity,Major or extreme APR-severity discharges,Discharges with known APR severity,APR Severity of Illness Description,APR severity is known and mapped,Ratio of sums,0.0%,Context,RATE_SMALL_CELL,This is a case-mix descriptor—not an outcome metric.,APPROVED
major_extreme_mortality_risk_rate,Major or Extreme Mortality-Risk Rate,Case Mix,Percentage of discharges classified as major or extreme APR risk of mortality.,Major-or-extreme risk discharges / discharges with known APR mortality risk,Major or extreme APR mortality-risk discharges,Discharges with known APR mortality risk,APR Risk of Mortality,APR mortality-risk category is known and mapped,Ratio of sums,0.0%,Context,RATE_SMALL_CELL,APR risk of mortality is not observed mortality.,APPROVED
home_discharge_rate,Home Discharge Rate,Outcomes,Percentage of eligible discharges ending in home or self care.,Home-or-self-care discharges / discharges with known eligible disposition,Discharges to Home or Self Care,Discharges with known eligible disposition,Patient Disposition,Patient disposition is known and mapped,Ratio of sums,0.0%,Context-dependent,RATE_SMALL_CELL,"The measure is influenced by severity, transfers, post-acute availability, and patient circumstances.",APPROVED
in_hospital_mortality_rate,In-Hospital Mortality Rate,Outcomes,Percentage of eligible inpatient discharges recorded as expired.,Expired discharges / discharges with known eligible disposition,Discharges recorded as Expired,Discharges with known eligible disposition,Patient Disposition,Patient disposition is known and mapped,Ratio of sums,0.0%,Lower is generally favorable after appropriate context,RATE_SMALL_CELL,Raw mortality must not be used as a hospital-quality ranking without severity and case-mix context.,APPROVED
average_apr_severity_index,Average APR Severity Index,Case Mix,Average APR severity-of-illness code among discharges with known severity.,SUM(APR severity code) / discharges with known APR severity,Sum of valid APR severity codes,Discharges with known APR severity,APR Severity of Illness Code,APR severity code is valid and known,Ratio of sums,0.00,Context,DENOMINATOR_LT_11,APR severity is ordinal; the average is a descriptive case-mix index rather than a continuous clinical scale.,APPROVED
disposition_share,Disposition Share,Outcomes,Percentage of eligible discharges belonging to the selected disposition category.,Discharges in selected disposition category / discharges with known eligible disposition,Discharges in the selected disposition category,Discharges with known eligible disposition,Patient Disposition,Patient Disposition is known and eligible,Ratio of sums,0.0%,Context; interpretation depends on disposition category,RATE_SMALL_CELL,"Disposition is influenced by severity, transfers, post-acute availability, and patient circumstances.",APPROVED
peer_expected_los_days,Peer-Expected LOS Days,Benchmarking,"Expected total LOS based on statewide peer-group mean LOS, excluding the benchmarked facility.",SUM(discharge-level leave-one-facility-out peer mean LOS),Sum of eligible peer-expected LOS values,Not applicable,Permanent Facility Id|APR DRG Code|APR Severity of Illness Code|Length of Stay,"Valid LOS, facility, APR-DRG, severity, and sufficient peers",Sum,"#,0",Context,DENOMINATOR_LT_11,This is a descriptive peer baseline—not a predicted clinical LOS.,APPROVED
los_actual_to_peer_expected_ratio,LOS Actual-to-Peer-Expected Ratio,Benchmarking,Observed LOS days divided by peer-expected LOS days.,SUM(observed LOS lower bound) / SUM(peer-expected LOS),Observed LOS days lower bound,Peer-expected LOS days,Permanent Facility Id|APR DRG Code|APR Severity of Illness Code|Length of Stay,Discharges with valid observed and expected LOS,Ratio of sums,0.00,Values above 1.00 may warrant investigation,DENOMINATOR_LT_11,Unmeasured hospital structure and case-mix differences remain.,APPROVED
excess_los_days_lower_bound,Excess LOS Days — Lower Bound,Benchmarking,Observed LOS days minus peer-expected LOS days.,SUM(observed LOS lower bound) - SUM(peer-expected LOS),Observed LOS days minus peer-expected LOS days,Not applicable,Permanent Facility Id|APR DRG Code|APR Severity of Illness Code|Length of Stay,Discharges with valid observed and expected LOS,Difference of sums,"#,0",Positive values may warrant investigation,DENOMINATOR_LT_11,Positive excess days identify variation—not preventable days.,APPROVED
peer_expected_estimated_cost,Peer-Expected Estimated Cost,Benchmarking,Expected aggregate estimated cost based on statewide leave-one-facility-out peer mean cost.,SUM(discharge-level leave-one-facility-out peer mean cost),Sum of eligible peer-expected cost values,Not applicable,Permanent Facility Id|APR DRG Code|APR Severity of Illness Code|Total Costs,"Valid estimated cost, facility, APR-DRG, severity, and sufficient peers",Sum,"$#,0",Context,DENOMINATOR_LT_11,"Estimated costs are analytical estimates, not audited expenses.",APPROVED
estimated_cost_actual_to_peer_expected_ratio,Estimated Cost Actual-to-Peer-Expected Ratio,Benchmarking,Observed estimated cost divided by peer-expected estimated cost.,SUM(observed estimated cost) / SUM(peer-expected estimated cost),Observed valid estimated cost,Peer-expected estimated cost,Permanent Facility Id|APR DRG Code|APR Severity of Illness Code|Total Costs,Discharges with valid observed and expected estimated cost,Ratio of sums,0.00,Values above 1.00 may warrant investigation,DENOMINATOR_LT_11,"Regional input prices, hospital structure, and unmeasured case mix may influence the ratio.",APPROVED
excess_estimated_cost,Excess Estimated Cost,Benchmarking,Observed estimated cost minus peer-expected estimated cost.,SUM(observed estimated cost) - SUM(peer-expected estimated cost),Observed estimated cost minus peer-expected estimated cost,Not applicable,Permanent Facility Id|APR DRG Code|APR Severity of Illness Code|Total Costs,Discharges with valid observed and expected estimated cost,Difference of sums,"$#,0",Positive values may warrant investigation,DENOMINATOR_LT_11,"Positive excess estimated cost does not prove waste, inefficiency, or preventability.",APPROVED
